code,MAE_model,RMSE_model,MAE_garch,RMSE_garch,QLIKE_model,QLIKE_garch
0,0.6071390509605408,0.7626473307609558,0.5873288512229919,0.7747063636779785,1.1607341766357422,1.1472607851028442
