code,MAE_model,RMSE_model,MAE_garch,RMSE_garch,QLIKE_model,QLIKE_garch
0,0.542469322681427,0.7271897196769714,0.5873288512229919,0.7747063636779785,1.1364221572875977,1.1472607851028442
