model_type,best_lambda_mae,best_mae,best_lambda_rmse,best_rmse
lstm,0.99,0.6849478803898977,0.99,0.8640693102193915
tsmixer,1.0,0.6766389883730722,0.9,0.8668113927478376
