code,MAE_model,RMSE_model,MAE_garch,RMSE_garch,QLIKE_model,QLIKE_garch
0,0.5365098118782043,0.7179722189903259,0.5873288512229919,0.7747063636779785,1.1267364025115967,1.1472607851028442
