code,MAE_model,RMSE_model,MAE_garch,RMSE_garch,QLIKE_model,QLIKE_garch
0,0.6069235801696777,0.7621693015098572,0.5873288512229919,0.7747063636779785,1.1607375144958496,1.1472607851028442
