code,MAE_model,RMSE_model,MAE_garch,RMSE_garch,QLIKE_model,QLIKE_garch
0,0.5512486696243286,0.7176687717437744,0.5873288512229919,0.7747063636779785,1.1256535053253174,1.1472607851028442
