code,MAE_model,RMSE_model,MAE_garch,RMSE_garch,QLIKE_model,QLIKE_garch
0,0.571743905544281,0.7293391227722168,0.5873288512229919,0.7747063636779785,1.137282371520996,1.1472607851028442
