code,MAE_model,RMSE_model,MAE_garch,RMSE_garch,QLIKE_model,QLIKE_garch
0,0.6058223843574524,0.7589702606201172,0.5873288512229919,0.7747063636779785,1.1606988906860352,1.1472607851028442
