code,MAE_model,RMSE_model,MAE_garch,RMSE_garch,QLIKE_model,QLIKE_garch
0,0.6067557334899902,0.762089192867279,0.5873288512229919,0.7747063636779785,1.160333275794983,1.1472607851028442
