code,MAE_model,RMSE_model,MAE_garch,RMSE_garch,QLIKE_model,QLIKE_garch
0,0.6071314215660095,0.7623625993728638,0.5873288512229919,0.7747063636779785,1.1608811616897583,1.1472607851028442
