model_type,best_lambda_mae,best_mae,best_lambda_rmse,best_rmse
lstm,1.0,0.5045099854469299,0.95,0.7056669592857361
tsmixer,0.7,0.5365098118782043,0.6,0.7149037718772888
