code,MAE_model,RMSE_model,MAE_garch,RMSE_garch,QLIKE_model,QLIKE_garch
0,0.5443513989448547,0.7309276461601257,0.5873288512229919,0.7747063636779785,1.1404906511306763,1.1472607851028442
